[
  {
    "id": "fb581809-9c6f-4327-8522-175d1a5a574d",
    "data": [
      {
        "text": "apt",
        "alias": "service",
        "meta": "@ChatBotService",
        "userDefined": false
      }
    ],
    "isTemplate": false,
    "count": 0,
    "updated": 1532816478
  },
  {
    "id": "32e49ccf-7047-4da6-9787-2152c1e2fb46",
    "data": [
      {
        "text": "hi",
        "userDefined": false
      }
    ],
    "isTemplate": false,
    "count": 0,
    "updated": 1532816478
  },
  {
    "id": "0d13c964-c4dc-43fb-bef8-42ef1d6c78d0",
    "data": [
      {
        "text": "hey there",
        "userDefined": false
      }
    ],
    "isTemplate": false,
    "count": 0,
    "updated": 1532816478
  },
  {
    "id": "46bbe286-3ee0-4dda-9a57-167cfa3b4a95",
    "data": [
      {
        "text": "just going to say hi",
        "userDefined": false
      }
    ],
    "isTemplate": false,
    "count": 0,
    "updated": 1532816478
  },
  {
    "id": "60a99a3f-66b0-459e-ab5b-a0747e897907",
    "data": [
      {
        "text": "food",
        "userDefined": false
      }
    ],
    "isTemplate": false,
    "count": 0,
    "updated": 1533665927
  },
  {
    "id": "e308c422-a680-4626-a658-af5d39fc21c7",
    "data": [
      {
        "text": "hello there",
        "userDefined": false
      }
    ],
    "isTemplate": false,
    "count": 0,
    "updated": 1532816478
  },
  {
    "id": "5dadb170-7a26-4462-ab34-3ae669c9967f",
    "data": [
      {
        "text": "appointment",
        "userDefined": false
      }
    ],
    "isTemplate": false,
    "count": 0,
    "updated": 1533665927
  },
  {
    "id": "6086f19f-2e51-47c7-be82-fd04a9d81c20",
    "data": [
      {
        "text": "cancel",
        "alias": "service",
        "meta": "@ChatBotService",
        "userDefined": false
      }
    ],
    "isTemplate": false,
    "count": 0,
    "updated": 1532816478
  },
  {
    "id": "1bb6b723-adc8-4f27-826a-c6f724a36d14",
    "data": [
      {
        "text": "emergency",
        "userDefined": false
      }
    ],
    "isTemplate": false,
    "count": 0,
    "updated": 1533665927
  },
  {
    "id": "8ca9e1bb-8e13-4c21-8b55-6a8d1704da05",
    "data": [
      {
        "text": "hello",
        "userDefined": false
      }
    ],
    "isTemplate": false,
    "count": 0,
    "updated": 1532816478
  },
  {
    "id": "95081b93-7483-4cf2-8aea-aad2841f3324",
    "data": [
      {
        "text": "howdy",
        "userDefined": false
      }
    ],
    "isTemplate": false,
    "count": 1,
    "updated": 1532816478
  },
  {
    "id": "f0d6b815-b34e-42df-b2e6-ee0f9b188bae",
    "data": [
      {
        "text": "heya",
        "userDefined": false
      }
    ],
    "isTemplate": false,
    "count": 0,
    "updated": 1532816478
  },
  {
    "id": "681d59b3-d9cd-4b38-a12f-649d8fa1d6a5",
    "data": [
      {
        "text": "When is my appointment",
        "userDefined": false
      }
    ],
    "isTemplate": false,
    "count": 0,
    "updated": 1533665927
  },
  {
    "id": "332027ea-da2a-40c9-bde3-86f03d75d53a",
    "data": [
      {
        "text": "I greet you",
        "userDefined": false
      }
    ],
    "isTemplate": false,
    "count": 0,
    "updated": 1532816478
  },
  {
    "id": "68abee80-b9eb-4388-8748-2bfa3b1082c7",
    "data": [
      {
        "text": "lovely day isn\u0027t it",
        "userDefined": false
      }
    ],
    "isTemplate": false,
    "count": 0,
    "updated": 1532816478
  },
  {
    "id": "d3052df0-d90b-47be-9b0f-6cf458bcf928",
    "data": [
      {
        "text": "I need food",
        "userDefined": false
      }
    ],
    "isTemplate": false,
    "count": 0,
    "updated": 1533665927
  },
  {
    "id": "1e201a97-f352-4fe2-b8e0-c1a6cd6124d3",
    "data": [
      {
        "text": "hi there",
        "userDefined": false
      }
    ],
    "isTemplate": false,
    "count": 1,
    "updated": 1532816478
  },
  {
    "id": "b166f6d2-22cc-4f3d-b43f-9e84dddb97f1",
    "data": [
      {
        "text": "pantry",
        "userDefined": false
      }
    ],
    "isTemplate": false,
    "count": 0,
    "updated": 1533665927
  },
  {
    "id": "022cb50b-94f8-40db-bc1e-5ca1fb778022",
    "data": [
      {
        "text": "hello again",
        "userDefined": false
      }
    ],
    "isTemplate": false,
    "count": 0,
    "updated": 1532816478
  },
  {
    "id": "ad497773-7fc8-4dc2-970c-97daa04b4895",
    "data": [
      {
        "text": "a good day",
        "userDefined": false
      }
    ],
    "isTemplate": false,
    "count": 0,
    "updated": 1532816478
  },
  {
    "id": "31a9e2c9-7bb7-48f3-8dae-2ea9b1a66e8c",
    "data": [
      {
        "text": "schedule",
        "userDefined": false
      }
    ],
    "isTemplate": false,
    "count": 0,
    "updated": 1533665927
  },
  {
    "id": "f7fbb958-ae87-4ad2-9437-d58c95998066",
    "data": [
      {
        "text": "when",
        "alias": "service",
        "meta": "@ChatBotService",
        "userDefined": false
      }
    ],
    "isTemplate": false,
    "count": 0,
    "updated": 1532816478
  },
  {
    "id": "b4853c4d-fe52-4874-80c3-136265b985ea",
    "data": [
      {
        "text": "hey",
        "userDefined": false
      }
    ],
    "isTemplate": false,
    "count": 0,
    "updated": 1532816478
  },
  {
    "id": "926de2cd-c575-473f-9e69-e8fb141ce157",
    "data": [
      {
        "text": "When",
        "alias": "service",
        "meta": "@ChatBotService",
        "userDefined": false
      },
      {
        "text": " do I go to the pantry",
        "userDefined": false
      }
    ],
    "isTemplate": false,
    "count": 0,
    "updated": 1533665927
  },
  {
    "id": "95afa703-dc1e-43f1-ba0e-b8463cdb7b85",
    "data": [
      {
        "text": "greetings",
        "userDefined": false
      }
    ],
    "isTemplate": false,
    "count": 0,
    "updated": 1532816478
  },
  {
    "id": "856362b4-4721-495e-9c1a-f0df0f2bc74d",
    "data": [
      {
        "text": "hello hi",
        "userDefined": false
      }
    ],
    "isTemplate": false,
    "count": 0,
    "updated": 1532816478
  },
  {
    "id": "3232ae54-8a49-473e-9fec-68a2afd51a3b",
    "data": [
      {
        "text": "long time no see",
        "userDefined": false
      }
    ],
    "isTemplate": false,
    "count": 0,
    "updated": 1532816478
  }
]