[
  {
    "id": "a719ae99-475d-4e8f-a8ec-b04d44760da3",
    "data": [
      {
        "text": "when",
        "alias": "service",
        "meta": "@ChatBotService",
        "userDefined": false
      }
    ],
    "isTemplate": false,
    "count": 0,
    "updated": 1532816478
  },
  {
    "id": "6f6981c7-6502-4cb0-9565-61bd06e73d97",
    "data": [
      {
        "text": "apt",
        "alias": "service",
        "meta": "@ChatBotService",
        "userDefined": false
      }
    ],
    "isTemplate": false,
    "count": 0,
    "updated": 1532816478
  },
  {
    "id": "7f651d1a-38a4-4752-ae07-c5f7c7264942",
    "data": [
      {
        "text": "cancel",
        "alias": "service",
        "meta": "@ChatBotService",
        "userDefined": false
      }
    ],
    "isTemplate": false,
    "count": 0,
    "updated": 1532816478
  },
  {
    "id": "d3058515-fe5f-43bb-89e3-8ea935cd895f",
    "data": [
      {
        "text": "just going to say hi",
        "userDefined": false
      }
    ],
    "isTemplate": false,
    "count": 0,
    "updated": 1532816478
  },
  {
    "id": "0fd7c01f-a353-44b9-8d5b-f0edcf38e221",
    "data": [
      {
        "text": "heya",
        "userDefined": false
      }
    ],
    "isTemplate": false,
    "count": 0,
    "updated": 1532816478
  },
  {
    "id": "dad0614f-6589-4dbe-b4b9-7c920a363873",
    "data": [
      {
        "text": "hello hi",
        "userDefined": false
      }
    ],
    "isTemplate": false,
    "count": 0,
    "updated": 1532816478
  },
  {
    "id": "f9f40e04-9b9a-47e1-90ca-1b7c0d06471f",
    "data": [
      {
        "text": "howdy",
        "userDefined": false
      }
    ],
    "isTemplate": false,
    "count": 0,
    "updated": 1532816478
  },
  {
    "id": "2153e218-4ee0-48dd-bae1-7bd9ee23ce48",
    "data": [
      {
        "text": "hey there",
        "userDefined": false
      }
    ],
    "isTemplate": false,
    "count": 0,
    "updated": 1532816478
  },
  {
    "id": "d25e873d-943f-4a60-8ad1-bf57b89c42c8",
    "data": [
      {
        "text": "hi there",
        "userDefined": false
      }
    ],
    "isTemplate": false,
    "count": 1,
    "updated": 1532816478
  },
  {
    "id": "9f09848f-2d51-4caa-b44e-78d0c5e9ab0b",
    "data": [
      {
        "text": "greetings",
        "userDefined": false
      }
    ],
    "isTemplate": false,
    "count": 0,
    "updated": 1532816478
  },
  {
    "id": "7a8b2773-0833-479e-a984-d5b9bdde81f2",
    "data": [
      {
        "text": "hey",
        "userDefined": false
      }
    ],
    "isTemplate": false,
    "count": 0,
    "updated": 1532816478
  },
  {
    "id": "f9faa00a-af00-4110-bd26-3adf3b6cc119",
    "data": [
      {
        "text": "long time no see",
        "userDefined": false
      }
    ],
    "isTemplate": false,
    "count": 0,
    "updated": 1532816478
  },
  {
    "id": "f487b4a1-14c7-447f-9d5f-577f75d78049",
    "data": [
      {
        "text": "hello",
        "userDefined": false
      }
    ],
    "isTemplate": false,
    "count": 0,
    "updated": 1532816478
  },
  {
    "id": "4796655b-3f76-4531-b378-1e2515364c5c",
    "data": [
      {
        "text": "lovely day isn\u0027t it",
        "userDefined": false
      }
    ],
    "isTemplate": false,
    "count": 0,
    "updated": 1532816478
  },
  {
    "id": "a0fc41f7-c03c-4c8f-935e-8ebc7819a0d8",
    "data": [
      {
        "text": "I greet you",
        "userDefined": false
      }
    ],
    "isTemplate": false,
    "count": 0,
    "updated": 1532816478
  },
  {
    "id": "8bf43a4b-4596-488e-9277-1ba53a148237",
    "data": [
      {
        "text": "hello again",
        "userDefined": false
      }
    ],
    "isTemplate": false,
    "count": 0,
    "updated": 1532816478
  },
  {
    "id": "09688041-45a0-4a75-9ab3-d8ac9bea2dff",
    "data": [
      {
        "text": "hi",
        "userDefined": false
      }
    ],
    "isTemplate": false,
    "count": 0,
    "updated": 1532816478
  },
  {
    "id": "d99831f2-71c6-4d5a-9318-09ceb0e7e027",
    "data": [
      {
        "text": "hello there",
        "userDefined": false
      }
    ],
    "isTemplate": false,
    "count": 0,
    "updated": 1532816478
  },
  {
    "id": "5959450f-c043-47a7-a4eb-8e0f4957341d",
    "data": [
      {
        "text": "a good day",
        "userDefined": false
      }
    ],
    "isTemplate": false,
    "count": 0,
    "updated": 1532816478
  }
]