[
  {
    "id": "4248615a-6c35-4031-8a16-80a8fa141e99",
    "data": [
      {
        "text": "when",
        "alias": "service",
        "meta": "@ChatBotService",
        "userDefined": false
      }
    ],
    "isTemplate": false,
    "count": 0,
    "updated": 1532807854
  },
  {
    "id": "e63859d7-0b2b-485a-9ac7-dbb36932e2eb",
    "data": [
      {
        "text": "cancel",
        "alias": "service",
        "meta": "@ChatBotService",
        "userDefined": false
      }
    ],
    "isTemplate": false,
    "count": 0,
    "updated": 1532807854
  },
  {
    "id": "0b250bef-a363-474e-bf2a-8b56686ccb79",
    "data": [
      {
        "text": "apt",
        "alias": "service",
        "meta": "@ChatBotService",
        "userDefined": false
      }
    ],
    "isTemplate": false,
    "count": 0,
    "updated": 1532807854
  }
]