[
  {
    "id": "d1b8a65c-12eb-4bd4-80fe-f2f16ba42212",
    "data": [
      {
        "text": "cancel",
        "alias": "service",
        "meta": "@ChatBotService",
        "userDefined": false
      }
    ],
    "isTemplate": false,
    "count": 0,
    "updated": 1532807854
  },
  {
    "id": "70fa0015-7279-4f82-ad88-cee617e93301",
    "data": [
      {
        "text": "when",
        "alias": "service",
        "meta": "@ChatBotService",
        "userDefined": false
      }
    ],
    "isTemplate": false,
    "count": 0,
    "updated": 1532807854
  },
  {
    "id": "c5e5df36-4dfd-4dd0-8d5a-3425438cc85b",
    "data": [
      {
        "text": "apt",
        "alias": "service",
        "meta": "@ChatBotService",
        "userDefined": false
      }
    ],
    "isTemplate": false,
    "count": 0,
    "updated": 1532807854
  }
]