[
  {
    "id": "5f316594-b726-4dbd-9fee-38e8a977f6c5",
    "data": [
      {
        "text": "apt",
        "alias": "service",
        "meta": "@ChatBotService",
        "userDefined": false
      }
    ],
    "isTemplate": false,
    "count": 0,
    "updated": 1532807854
  },
  {
    "id": "fb2d9ce1-0de2-45f1-828a-d213674f92b2",
    "data": [
      {
        "text": "when",
        "alias": "service",
        "meta": "@ChatBotService",
        "userDefined": false
      }
    ],
    "isTemplate": false,
    "count": 0,
    "updated": 1532807854
  },
  {
    "id": "1089cf9e-4757-4f7a-99ab-85bd15d7fbbd",
    "data": [
      {
        "text": "cancel",
        "alias": "service",
        "meta": "@ChatBotService",
        "userDefined": false
      }
    ],
    "isTemplate": false,
    "count": 0,
    "updated": 1532807854
  }
]