[
  {
    "id": "e802216a-17ba-4dc8-ae0d-1bf2bc4cdd4b",
    "data": [
      {
        "text": "I\u0027d like ",
        "userDefined": false
      },
      {
        "text": "LSS",
        "alias": "pantry",
        "meta": "@pantry",
        "userDefined": true
      }
    ],
    "isTemplate": false,
    "count": 0,
    "updated": 1532970679
  },
  {
    "id": "df87fe66-a93d-479c-95c1-1d11249b65e9",
    "data": [
      {
        "text": "know",
        "userDefined": false
      }
    ],
    "isTemplate": false,
    "count": 0,
    "updated": 1532970679
  }
]