[
  {
    "id": "53642857-6903-4af3-b2f4-dff8bce0db2c",
    "data": [
      {
        "text": "1",
        "alias": "selectedAppointment",
        "meta": "@sys.number",
        "userDefined": false
      }
    ],
    "isTemplate": false,
    "count": 0,
    "updated": 1533493722
  },
  {
    "id": "f648691e-76d9-4e8c-b195-def319327df4",
    "data": [
      {
        "text": "2",
        "alias": "selectedAppointment",
        "meta": "@sys.number",
        "userDefined": false
      }
    ],
    "isTemplate": false,
    "count": 0,
    "updated": 1533493722
  },
  {
    "id": "a3723207-f0c8-46ed-bdc3-d845cfb36a7d",
    "data": [
      {
        "text": "3",
        "alias": "selectedAppointment",
        "meta": "@sys.number",
        "userDefined": false
      }
    ],
    "isTemplate": false,
    "count": 0,
    "updated": 1533493722
  }
]