[
  {
    "id": "9dca0a6e-1577-43f1-98ee-5f723452a484",
    "data": [
      {
        "text": "1",
        "alias": "selectedAppointment",
        "meta": "@sys.number",
        "userDefined": false
      }
    ],
    "isTemplate": false,
    "count": 0,
    "updated": 1533493722
  },
  {
    "id": "a9e34dbf-defd-4a64-8f90-0c94fa25e213",
    "data": [
      {
        "text": "2",
        "alias": "selectedAppointment",
        "meta": "@sys.number",
        "userDefined": false
      }
    ],
    "isTemplate": false,
    "count": 0,
    "updated": 1533493722
  },
  {
    "id": "4bcc6988-58be-427c-9edc-c21377e4c1ba",
    "data": [
      {
        "text": "3",
        "alias": "selectedAppointment",
        "meta": "@sys.number",
        "userDefined": false
      }
    ],
    "isTemplate": false,
    "count": 0,
    "updated": 1533493722
  }
]