[
  {
    "id": "484f1e3c-1e3c-46c1-9a61-4f42ce03d9d0",
    "data": [
      {
        "text": "3",
        "alias": "selectedAppointment",
        "meta": "@sys.number",
        "userDefined": false
      }
    ],
    "isTemplate": false,
    "count": 0,
    "updated": 1533493722
  },
  {
    "id": "6a1cd649-bdea-4f7d-8d67-373e8cd368d5",
    "data": [
      {
        "text": "2",
        "alias": "selectedAppointment",
        "meta": "@sys.number",
        "userDefined": false
      }
    ],
    "isTemplate": false,
    "count": 0,
    "updated": 1533493722
  },
  {
    "id": "e63148a6-d04e-414a-b499-ee22f4a15c68",
    "data": [
      {
        "text": "1",
        "alias": "selectedAppointment",
        "meta": "@sys.number",
        "userDefined": false
      }
    ],
    "isTemplate": false,
    "count": 0,
    "updated": 1533493722
  }
]