[
  {
    "id": "832db40f-5758-42f2-8e22-0c05c990b677",
    "data": [
      {
        "text": "yea",
        "userDefined": false
      }
    ],
    "isTemplate": false,
    "count": 0,
    "updated": 1532816970
  },
  {
    "id": "6c086d16-5608-4474-b9ce-916eba8d48cc",
    "data": [
      {
        "text": "sure",
        "userDefined": false
      }
    ],
    "isTemplate": false,
    "count": 0,
    "updated": 1532816970
  },
  {
    "id": "7a9c5d8c-1afd-4a92-8141-f100ecfffe99",
    "data": [
      {
        "text": "yeah",
        "userDefined": false
      }
    ],
    "isTemplate": false,
    "count": 0,
    "updated": 1532816970
  },
  {
    "id": "cff4cc3c-bb22-4ebd-b649-3e562e6ef934",
    "data": [
      {
        "text": "yes",
        "userDefined": false
      }
    ],
    "isTemplate": false,
    "count": 0,
    "updated": 1532816970
  }
]