[
  {
    "id": "bc43e09c-1a10-48bd-9f17-d715c6087daf",
    "data": [
      {
        "text": "yeah",
        "userDefined": false
      }
    ],
    "isTemplate": false,
    "count": 0,
    "updated": 1534384686
  },
  {
    "id": "8bc61470-3bcd-42d0-920b-a0a25646252e",
    "data": [
      {
        "text": "yup",
        "userDefined": false
      }
    ],
    "isTemplate": false,
    "count": 0,
    "updated": 1534384686
  },
  {
    "id": "de993257-3da3-40d3-bf07-e4eac9eba958",
    "data": [
      {
        "text": "yes",
        "userDefined": false
      }
    ],
    "isTemplate": false,
    "count": 0,
    "updated": 1534384686
  }
]