[
  {
    "value": "Carl Konopka",
    "synonyms": [
      "Carl Konopka"
    ]
  },
  {
    "value": "@sys.given-name:firstname @sys.last-name:lastname",
    "synonyms": [
      "@sys.given-name:firstname @sys.last-name:lastname"
    ]
  },
  {
    "value": "Joey Schulte",
    "synonyms": [
      "Joey Schulte"
    ]
  },
  {
    "value": "@FirstName:firstname @LastName:lastname",
    "synonyms": [
      "@FirstName:firstname @LastName:lastname"
    ]
  },
  {
    "value": "Ernest Perry",
    "synonyms": [
      "Ernest Perry"
    ]
  }
]