[
  {
    "value": "Lutheran Social Services Food Pantry South",
    "synonyms": [
      "Lutheran South",
      "LSS",
      "LSS South",
      "Frebis and Champion"
    ]
  },
  {
    "value": "Broad Street Presbyterian Church",
    "synonyms": [
      "Broad Street Presbyterian Church",
      "Broad Street"
    ]
  },
  {
    "value": "Brice United Methodist Church Pantry",
    "synonyms": [
      "Brice United Methodist Church Pantry",
      "Brice United Methodist"
    ]
  },
  {
    "value": "Our Lady of Guadalupe",
    "synonyms": [
      "Our Lady of Guadalupe"
    ]
  },
  {
    "value": "Central College Presbyterian Church Pantry",
    "synonyms": [
      "Central College Presbyterian Church Pantry",
      "Central College"
    ]
  },
  {
    "value": "Church of Christ of the Apostolic Faith",
    "synonyms": [
      "Church of Christ of the Apostolic Faith",
      "Church of Christ"
    ]
  },
  {
    "value": "Bible Community Church",
    "synonyms": [
      "Bible Community Church",
      "Bible Community"
    ]
  },
  {
    "value": "Centenary United Methodist Church",
    "synonyms": [
      "Centenary United Methodist Church",
      "Centenary"
    ]
  },
  {
    "value": "Bibleway Church of our Lord",
    "synonyms": [
      "Bibleway Church of our Lord",
      "Bibleway"
    ]
  },
  {
    "value": "Bread of Life Food Pantry Mission House",
    "synonyms": [
      "Bread of Life Food Pantry Mission House",
      "Bread of Life"
    ]
  },
  {
    "value": "Christian Assembly Church",
    "synonyms": [
      "Christian Assembly Church",
      "Christian Assembly"
    ]
  },
  {
    "value": "Brookwood Presbyterian Church",
    "synonyms": [
      "Brookwood Presbyterian Church",
      "Brookwood"
    ]
  },
  {
    "value": "Christian Center Gahanna",
    "synonyms": [
      "Christian Center Gahanna",
      "Christian Center"
    ]
  },
  {
    "value": "Canal Winchester Community Food Pantry",
    "synonyms": [
      "Canal Winchester Community Food Pantry",
      "Canal Winchester Community"
    ]
  },
  {
    "value": "Christ Memorial Missionary Baptist Church",
    "synonyms": [
      "Christ Memorial Missionary Baptist Church",
      "Christ Memorial"
    ]
  }
]